household_id,age,income,household_size,total_spend,total_quantity,num_trips,avg_quantity_per_trip,avg_basket_value,fav_season,cluster
1,55+,Low Income,1-2,1941.9400000000007,882,50,17.64,38.83880000000001,Fall,3
1001,35-54,Middle Income,1-2,2347.6399999999994,981,46,21.32608695652174,51.03565217391303,Fall,3
1003,35-54,Low Income,1-2,842.9900000000001,472,31,15.225806451612904,27.19322580645162,Summer,2
1004,18-34,Low Income,1-2,1408.2100000000003,559,140,3.992857142857143,10.058642857142859,Fall,2
101,35-54,Low Income,3-4,3302.6700000000005,1447,113,12.805309734513274,29.227168141592927,Winter,2
1012,35-54,Low Income,5+,735.4200000000002,367,55,6.672727272727273,13.37127272727273,Spring,2
1014,35-54,Low Income,3-4,1653.4399999999991,837,90,9.3,18.371555555555545,Spring,2
1015,35-54,Middle Income,1-2,1715.76,1045,47,22.23404255319149,36.505531914893616,Winter,3
1018,35-54,Low Income,5+,700.1300000000001,307,50,6.14,14.002600000000003,Spring,2
1020,35-54,Low Income,1-2,3871.119999999998,1686,94,17.93617021276596,41.18212765957445,Summer,3
1021,35-54,Middle Income,5+,718.2700000000001,267,54,4.944444444444445,13.301296296296298,Fall,2
1024,18-34,Low Income,3-4,3293.8399999999992,1906,81,23.530864197530864,40.66469135802468,Summer,3
1031,35-54,Middle Income,1-2,1320.3500000000001,551,69,7.9855072463768115,19.135507246376815,Summer,2
1038,55+,Low Income,1-2,475.0599999999993,441,142,3.1056338028169015,3.3454929577464743,Summer,2
104,35-54,Low Income,5+,3247.47,1694,76,22.289473684210527,42.72986842105263,Winter,3
1040,18-34,Middle Income,1-2,2908.1999999999994,1035,123,8.414634146341463,23.643902439024384,Spring,2
1041,18-34,Low Income,1-2,3313.9900000000007,1965,198,9.924242424242424,16.737323232323234,Summer,1
1042,18-34,Middle Income,1-2,2094.2700000000013,1346,131,10.274809160305344,15.98679389312978,Fall,2
1045,18-34,Low Income,1-2,1434.6400000000006,723,125,5.784,11.477120000000005,Fall,2
105,18-34,Low Income,3-4,1224.2900000000002,994,84,11.833333333333334,14.574880952380955,Winter,2
1053,55+,Middle Income,1-2,1381.8100000000002,631,59,10.694915254237289,23.420508474576273,Winter,2
1057,35-54,Middle Income,1-2,3587.660000000001,1642,110,14.927272727272728,32.61509090909092,Summer,2
1060,35-54,Low Income,1-2,2267.8199999999993,1029,30,34.3,75.59399999999998,Summer,3
1062,55+,Low Income,1-2,528.9200000000004,402,120,3.35,4.40766666666667,Summer,2
1066,35-54,Low Income,1-2,1383.2800000000007,921,142,6.485915492957746,9.74140845070423,Summer,2
1069,18-34,Low Income,1-2,1545.28,855,41,20.853658536585368,37.689756097560974,Winter,3
1070,35-54,Middle Income,1-2,1424.5800000000002,701,67,10.462686567164178,21.262388059701493,Spring,2
1074,35-54,Low Income,3-4,3736.830000000001,1819,75,24.253333333333334,49.82440000000001,Spring,3
1076,18-34,Low Income,1-2,578.17,191,36,5.305555555555555,16.060277777777777,Winter,2
1081,55+,Middle Income,1-2,3686.88,1364,70,19.485714285714284,52.669714285714285,Spring,3
1082,35-54,Low Income,1-2,934.5300000000001,836,71,11.774647887323944,13.162394366197184,Spring,2
1084,18-34,Low Income,3-4,1007.16,490,118,4.1525423728813555,8.535254237288136,Winter,2
109,18-34,Low Income,1-2,1589.1700000000003,721,72,10.01388888888889,22.07180555555556,Summer,2
1091,35-54,Middle Income,1-2,1483.5900000000004,568,39,14.564102564102564,38.04076923076924,Spring,2
1094,35-54,Middle Income,5+,2482.58,1317,53,24.849056603773583,46.8411320754717,Fall,3
110,18-34,Low Income,1-2,1162.8600000000001,683,82,8.329268292682928,14.181219512195124,Fall,2
1103,35-54,Middle Income,3-4,2596.820000000001,1003,91,11.021978021978022,28.53648351648353,Spring,2
1113,35-54,Middle Income,3-4,1651.2100000000007,777,89,8.730337078651685,18.552921348314616,Spring,2
1120,35-54,Low Income,3-4,695.0400000000001,377,42,8.976190476190476,16.54857142857143,Winter,2
1123,55+,Low Income,1-2,1616.84,495,40,12.375,40.421,Summer,2
1128,18-34,Middle Income,3-4,1304.2300000000005,706,112,6.303571428571429,11.644910714285718,Winter,2
113,35-54,High Income,3-4,5545.37,2373,86,27.593023255813954,64.48104651162791,Spring,3
1130,55+,Low Income,3-4,1867.8300000000006,1113,153,7.2745098039215685,12.208039215686279,Fall,2
1131,35-54,Middle Income,3-4,1749.0400000000004,816,76,10.736842105263158,23.01368421052632,Winter,2
1135,35-54,Middle Income,1-2,278.95000000000005,174,31,5.612903225806452,8.998387096774195,Fall,2
1137,55+,Low Income,1-2,1037.34,368,65,5.661538461538462,15.959076923076921,Summer,2
1138,35-54,Low Income,1-2,1971.3900000000003,1169,114,10.25438596491228,17.292894736842108,Fall,2
114,18-34,Low Income,1-2,1166.1599999999999,420,34,12.352941176470589,34.29882352941176,Summer,2
1142,35-54,Middle Income,1-2,5739.059999999997,1928,117,16.478632478632477,49.05179487179485,Summer,1
1146,35-54,Low Income,3-4,3466.4299999999994,2114,188,11.24468085106383,18.438457446808506,Spring,1
1147,18-34,Low Income,1-2,1520.8500000000001,689,28,24.607142857142858,54.31607142857143,Fall,3
1151,35-54,Low Income,1-2,1536.1100000000004,617,106,5.820754716981132,14.49160377358491,Summer,2
1154,35-54,Low Income,1-2,2084.940000000001,1070,68,15.735294117647058,30.66088235294119,Fall,2
1158,35-54,Low Income,1-2,1326.47,804,138,5.826086956521739,9.612101449275363,Winter,2
1159,35-54,Low Income,1-2,1166.9399999999998,509,82,6.2073170731707314,14.230975609756095,Winter,2
1160,55+,Low Income,1-2,1461.25,1109,76,14.592105263157896,19.226973684210527,Spring,2
1163,35-54,Low Income,1-2,1666.6499999999999,717,58,12.362068965517242,28.735344827586204,Spring,2
1164,18-34,Low Income,1-2,2332.8300000000004,927,63,14.714285714285714,37.029047619047624,Summer,2
1166,35-54,High Income,3-4,4385.83,2113,153,13.81045751633987,28.665555555555557,Summer,1
1167,35-54,Middle Income,3-4,2883.330000000001,1321,74,17.85135135135135,38.96391891891893,Spring,3
1169,18-34,Low Income,1-2,1221.6899999999998,813,61,13.327868852459016,20.027704918032786,Fall,2
117,55+,Low Income,1-2,1042.5,678,51,13.294117647058824,20.441176470588236,Spring,2
1172,18-34,Middle Income,1-2,2645.5099999999993,899,110,8.172727272727272,24.0500909090909,Summer,2
1174,18-34,Low Income,5+,915.1700000000003,652,74,8.81081081081081,12.367162162162167,Winter,2
1175,18-34,Middle Income,1-2,2448.21,786,54,14.555555555555555,45.33722222222222,Spring,3
1178,35-54,Low Income,1-2,1916.37,785,112,7.008928571428571,17.11044642857143,Fall,2
1179,35-54,Middle Income,1-2,3871.0299999999984,1524,111,13.72972972972973,34.87414414414413,Fall,1
118,35-54,Low Income,1-2,1947.1199999999997,925,35,26.428571428571427,55.63199999999999,Summer,3
1186,35-54,Middle Income,5+,2528.9,634,44,14.409090909090908,57.475,Summer,3
1188,35-54,Low Income,1-2,1338.17,956,77,12.415584415584416,17.37883116883117,Fall,2
119,35-54,High Income,1-2,1312.2900000000004,442,47,9.404255319148936,27.921063829787244,Winter,2
1190,18-34,Low Income,1-2,1347.4700000000007,649,135,4.807407407407408,9.981259259259264,Summer,2
1197,35-54,High Income,1-2,3574.579999999999,1224,68,18,52.56735294117646,Fall,3
121,35-54,Low Income,3-4,960.8499999999998,583,74,7.878378378378378,12.984459459459456,Spring,2
1218,35-54,Low Income,3-4,1316.9800000000007,684,47,14.553191489361701,28.020851063829802,Winter,2
1219,18-34,Low Income,3-4,417.3000000000001,241,62,3.8870967741935485,6.730645161290324,Fall,2
1222,35-54,Low Income,1-2,2680.0699999999983,1345,98,13.724489795918368,27.347653061224474,Winter,2
1226,18-34,Low Income,3-4,2597.140000000001,1574,47,33.48936170212766,55.25829787234044,Fall,3
1229,55+,High Income,1-2,4584.589999999999,1675,145,11.551724137931034,31.61786206896551,Winter,1
123,35-54,Low Income,1-2,1002.8200000000002,557,88,6.329545454545454,11.39568181818182,Spring,2
1234,35-54,Low Income,1-2,2776.7500000000005,1041,65,16.015384615384615,42.719230769230776,Summer,3
1236,35-54,Middle Income,3-4,1343.5200000000004,713,94,7.585106382978723,14.292765957446813,Spring,2
1240,35-54,Low Income,1-2,3916.39,1262,104,12.134615384615385,37.65759615384615,Winter,1
1247,35-54,Low Income,1-2,2259.100000000001,1151,69,16.681159420289855,32.74057971014494,Spring,2
1248,35-54,Middle Income,1-2,3439.579999999999,1370,73,18.767123287671232,47.11753424657533,Spring,3
1256,35-54,Middle Income,1-2,1832.7300000000005,679,79,8.5949367088607591,23.19911392405064,Spring,2
1257,35-54,Middle Income,3-4,718.2000000000002,348,21,16.571428571428573,34.20000000000001,Summer,2
1258,35-54,Middle Income,1-2,1852.0300000000007,751,133,5.646616541353383,13.925037593984968,Summer,2
1260,55+,Middle Income,1-2,3911.4300000000007,1326,70,18.942857142857143,55.877571428571436,Fall,3
1261,35-54,Low Income,1-2,1709.5300000000009,1170,121,9.669421487603305,14.128347107438024,Summer,2
1263,18-34,Low Income,1-2,2200.01,869,59,14.728813559322035,37.288305084745765,Spring,2
1264,35-54,Low Income,1-2,3212.7799999999997,1200,84,14.285714285714286,38.24738095238095,Summer,3
1267,18-34,Middle Income,1-2,839.9199999999998,349,43,8.116279069767442,19.53302325581395,Fall,2
1268,35-54,Low Income,3-4,1137.87,344,33,10.424242424242424,34.48090909090909,Fall,2
127,35-54,Low Income,1-2,2266.24,1308,113,11.575221238938052,20.055221238938053,Fall,2
1270,35-54,Low Income,1-2,1432.7600000000004,616,47,13.106382978723405,30.484255319148946,Fall,2
1272,55+,Low Income,1-2,3941.69,1631,141,11.567375886524824,27.955248226950356,Summer,1
1285,18-34,Low Income,3-4,2092.62,1426,82,17.390243902439025,25.519756097560975,Fall,2
1291,55+,Low Income,1-2,1769.74,1003,65,15.430769230769231,27.226769230769232,Spring,2
1296,55+,Low Income,1-2,1038.99,636,46,13.826086956521738,22.586739130434783,Fall,2
1297,35-54,Middle Income,1-2,1143.1600000000003,489,79,6.189873417721519,14.470379746835446,Fall,2
1299,35-54,Low Income,3-4,2371.74,1256,85,14.776470588235295,27.902823529411762,Spring,2
13,18-34,Middle Income,3-4,4362.6,1651,99,16.67676767676768,44.06666666666667,Fall,3
1300,35-54,Middle Income,3-4,1209.6100000000001,625,42,14.880952380952381,28.800238095238097,Fall,2
1305,18-34,Low Income,1-2,3185.7099999999996,1726,162,10.654320987654321,19.664876543209875,Spring,1
1306,35-54,Low Income,1-2,1432.25,866,120,7.216666666666667,11.935416666666667,Fall,2
131,35-54,Middle Income,1-2,2149.729999999999,970,122,7.950819672131147,17.620737704918024,Winter,2
1316,55+,Low Income,1-2,1911.8799999999999,811,34,23.852941176470587,56.23176470588235,Spring,3
1318,55+,Middle Income,1-2,2798.0300000000007,929,45,20.644444444444446,62.17844444444446,Fall,3
1321,18-34,Low Income,1-2,690.3800000000001,493,128,3.8515625,5.393593750000001,Winter,2
1326,35-54,Low Income,1-2,4587.430000000001,2398,222,10.801801801801801,20.664099099099104,Fall,1
133,35-54,Low Income,1-2,1494.85,691,45,15.355555555555556,33.218888888888884,Spring,2
1333,35-54,High Income,3-4,3812.0999999999995,1472,83,17.734939759036145,45.928915662650596,Spring,3
1337,35-54,Middle Income,3-4,4644.62,2591,127,20.401574803149607,36.57181102362205,Fall,3
134,55+,Low Income,1-2,2005.8300000000002,1032,38,27.157894736842106,52.785000000000004,Summer,3
1352,35-54,Middle Income,1-2,1870.16,788,57,13.824561403508772,32.80982456140351,Fall,2
1354,55+,Low Income,1-2,1212.0000000000002,493,50,9.86,24.240000000000006,Fall,2
1357,55+,Low Income,1-2,1925.51,964,39,24.71794871794872,49.37205128205128,Spring,3
136,35-54,Middle Income,1-2,1394.4000000000003,820,53,15.471698113207546,26.30943396226416,Summer,2
1363,18-34,Low Income,1-2,1967.7199999999998,894,41,21.804878048780488,47.99317073170731,Summer,3
1364,55+,Middle Income,1-2,852.47,362,74,4.891891891891892,11.519864864864866,Fall,2
1367,35-54,Middle Income,3-4,4182.120000000001,1797,150,11.98,27.880800000000004,Fall,1
1369,18-34,Low Income,1-2,918.4799999999999,324,55,5.890909090909091,16.699636363636362,Fall,2
1370,55+,Low Income,1-2,3249.6,1634,48,34.041666666666664,67.7,Winter,3
1376,55+,Middle Income,1-2,3631.0199999999995,1691,80,21.1375,45.38775,Spring,3
1378,18-34,Middle Income,1-2,3144.6400000000003,1360,63,21.58730158730159,49.91492063492064,Winter,3
1382,35-54,Middle Income,1-2,997.3700000000001,361,56,6.446428571428571,17.810178571428573,Spring,2
1388,35-54,Middle Income,3-4,2499.49,1125,56,20.089285714285715,44.63375,Winter,3
1389,55+,Middle Income,1-2,1288.57,444,23,19.304347826086957,56.02478260869565,Fall,3
139,35-54,Middle Income,1-2,1298.4700000000003,718,52,13.807692307692308,24.970576923076926,Fall,2
1391,35-54,Middle Income,1-2,2276.0100000000007,1014,56,18.107142857142858,40.64303571428572,Winter,3
1393,35-54,High Income,1-2,2075.540000000001,736,111,6.63063063063063,18.698558558558567,Fall,2
1394,35-54,Middle Income,1-2,1595.94,693,91,7.615384615384615,17.537802197802197,Spring,2
1396,55+,High Income,1-2,2176.94,1140,111,10.27027027027027,19.612072072072074,Summer,2
1397,35-54,Low Income,1-2,2530.550000000001,1267,154,8.227272727272727,16.432142857142864,Fall,2
1402,55+,Low Income,1-2,703.8699999999997,301,91,3.3076923076923075,7.734835164835161,Spring,2
1412,35-54,Middle Income,3-4,2362.8300000000004,1023,49,20.877551020408163,48.22102040816327,Fall,3
1418,18-34,Low Income,3-4,1272.87,324,40,8.1,31.821749999999998,Summer,2
1421,35-54,Middle Income,1-2,1532.2300000000005,933,104,8.971153846153847,14.732980769230775,Summer,2
1423,35-54,Low Income,1-2,790.1199999999999,504,72,7,10.973888888888887,Winter,2
1425,18-34,Middle Income,3-4,1661.6399999999999,871,63,13.825396825396826,26.375238095238092,Summer,2
1428,55+,Low Income,1-2,2688.0600000000004,1444,108,13.37037037037037,24.889444444444447,Fall,2
1429,35-54,Low Income,1-2,422.11000000000007,264,50,5.28,8.442200000000001,Fall,2
1430,35-54,Low Income,3-4,8189.929999999996,3356,122,27.508196721311474,67.13057377049176,Spring,3
1437,18-34,Low Income,3-4,1672.7499999999998,1071,45,23.8,37.17222222222222,Winter,3
1438,35-54,Low Income,1-2,677.2399999999999,217,22,9.863636363636363,30.783636363636358,Fall,2
1443,35-54,High Income,1-2,698.4600000000004,192,60,3.2,11.641000000000007,Spring,2
1445,35-54,Low Income,1-2,2642.5999999999985,1115,123,9.065040650406504,21.484552845528444,Fall,2
1451,35-54,High Income,5+,2564.409999999999,1306,146,8.945205479452055,17.564452054794515,Summer,2
1452,35-54,Low Income,3-4,1152.6000000000001,1038,214,4.850467289719626,5.385981308411216,Winter,2
1454,55+,Middle Income,1-2,2261.86,1010,90,11.222222222222221,25.131777777777778,Spring,2
1461,35-54,Low Income,1-2,2535.5599999999995,1430,114,12.543859649122806,22.241754385964907,Fall,2
1462,18-34,Middle Income,1-2,2119.4799999999996,956,72,13.277777777777779,29.437222222222218,Winter,2
1468,55+,Middle Income,1-2,1061.7199999999998,440,27,16.296296296296298,39.322962962962954,Summer,2
1470,35-54,Low Income,1-2,842.5500000000002,385,67,5.746268656716418,12.57537313432836,Fall,2
1474,35-54,Middle Income,1-2,1345.8100000000002,742,56,13.25,24.032321428571432,Summer,2
1475,18-34,Middle Income,1-2,5550.819999999997,2392,158,15.139240506329115,35.131772151898716,Summer,1
1481,18-34,Low Income,1-2,1926.8699999999997,1039,118,8.805084745762711,16.329406779661014,Fall,2
1483,18-34,Low Income,1-2,1661.11,948,48,19.75,34.60645833333333,Fall,3
1484,18-34,Low Income,1-2,1280.1700000000005,659,68,9.691176470588236,18.826029411764715,Summer,2
1485,35-54,Middle Income,1-2,667.6000000000001,165,29,5.689655172413793,23.02068965517242,Spring,2
1488,18-34,Middle Income,1-2,1605.3600000000001,785,46,17.065217391304348,34.89913043478261,Winter,2
149,35-54,Low Income,1-2,3368.579999999999,1358,70,19.4,48.12257142857141,Fall,3
1491,55+,Low Income,1-2,2516.1600000000003,1004,147,6.829931972789115,17.116734693877554,Spring,2
1492,55+,Low Income,1-2,335.22,209,48,4.354166666666667,6.983750000000001,Winter,2
1494,55+,Low Income,1-2,1137.3399999999997,665,50,13.3,22.746799999999993,Winter,2
1499,55+,Low Income,1-2,1019.4799999999999,483,52,9.288461538461538,19.605384615384615,Summer,2
1505,35-54,Low Income,1-2,1766.98,890,59,15.084745762711865,29.948813559322033,Fall,2
1509,35-54,Middle Income,1-2,2487.699999999999,821,94,8.73404255319149,26.464893617021264,Spring,2
1517,35-54,Middle Income,3-4,1981.09,1142,80,14.275,24.763624999999998,Fall,2
1524,35-54,Low Income,1-2,1061.8400000000001,455,24,18.958333333333332,44.24333333333334,Spring,3
1527,18-34,Middle Income,1-2,5529.249999999997,2200,130,16.923076923076923,42.53269230769229,Winter,1
1528,35-54,High Income,1-2,3401.3599999999997,1663,100,16.63,34.0136,Winter,3
1529,35-54,Middle Income,1-2,3539.0700000000006,1612,113,14.265486725663717,31.319203539823015,Fall,2
1534,18-34,Middle Income,3-4,3926.259999999997,1633,162,10.080246913580247,24.236172839506153,Summer,1
1536,35-54,Middle Income,1-2,2612.85,1371,61,22.475409836065573,42.833606557377045,Summer,3
1537,18-34,Low Income,3-4,784.4900000000002,434,57,7.614035087719298,13.762982456140355,Fall,2
1540,35-54,Low Income,3-4,1961.81,1383,98,14.112244897959183,20.0184693877551,Fall,2
1541,35-54,Middle Income,1-2,3326.31,1285,57,22.54385964912281,58.35631578947368,Winter,3
1545,35-54,Low Income,1-2,1957.1200000000003,818,119,6.873949579831932,16.446386554621853,Fall,2
1549,35-54,Low Income,1-2,543.29,352,83,4.240963855421687,6.545662650602409,Fall,2
155,35-54,Middle Income,3-4,928.0599999999998,442,27,16.37037037037037,34.37259259259259,Spring,2
1556,35-54,Low Income,1-2,1567.54,1039,72,14.430555555555555,21.77138888888889,Spring,2
1557,18-34,Middle Income,3-4,2001.5900000000004,777,74,10.5,27.04851351351352,Spring,2
1563,35-54,Middle Income,3-4,1859.6700000000005,601,70,8.585714285714285,26.566714285714294,Winter,2
1566,35-54,Middle Income,1-2,5634.199999999996,1822,213,8.553990610328638,26.451643192488245,Fall,1
1567,35-54,Low Income,1-2,714.73,524,88,5.954545454545454,8.12193181818182,Summer,2
1568,55+,Low Income,1-2,1849.0099999999998,1004,50,20.08,36.980199999999996,Summer,3
157,18-34,Low Income,1-2,1265.25,574,89,6.449438202247191,14.21629213483146,Fall,2
1572,35-54,Middle Income,1-2,618.65,271,19,14.263157894736842,32.560526315789474,Summer,2
1578,35-54,Low Income,1-2,1082.4500000000003,651,49,13.285714285714286,22.090816326530618,Winter,2
158,35-54,Middle Income,1-2,927.8500000000001,265,102,2.5980392156862746,9.096568627450981,Summer,2
1580,18-34,Middle Income,1-2,1124.8200000000002,1099,158,6.955696202531645,7.119113924050634,Summer,2
1585,35-54,High Income,1-2,4023.970000000001,1211,78,15.525641025641026,51.58935897435899,Fall,3
1588,35-54,Middle Income,1-2,1693.6100000000004,803,116,6.922413793103448,14.600086206896554,Winter,2
159,35-54,Low Income,1-2,832.1800000000001,525,47,11.170212765957446,17.70595744680851,Fall,2
1591,18-34,Low Income,1-2,1901.9600000000003,1023,53,19.30188679245283,35.88603773584906,Winter,3
1595,35-54,Middle Income,1-2,1238.27,512,59,8.677966101694915,20.987627118644067,Spring,2
16,35-54,Middle Income,1-2,415.45000000000005,200,45,4.444444444444445,9.232222222222223,Spring,2
1604,35-54,Low Income,1-2,437.84,243,100,2.43,4.3784,Spring,2
1609,35-54,High Income,5+,10931.280000000006,4404,160,27.525,68.32050000000004,Fall,1
161,18-34,Middle Income,3-4,2960.709999999998,1632,172,9.488372093023257,17.213430232558128,Fall,1
1618,35-54,Middle Income,1-2,1783.4000000000005,657,46,14.282608695652174,38.76956521739132,Spring,2
1627,18-34,Low Income,1-2,1337.84,503,61,8.245901639344263,21.931803278688523,Fall,2
1631,18-34,Low Income,3-4,4839.2,3100,206,15.048543689320388,23.49126213592233,Winter,1
1633,35-54,Middle Income,1-2,4141.22,2004,100,20.04,41.412200000000006,Winter,3
1634,18-34,Low Income,5+,1180.8100000000002,740,32,23.125,36.900312500000005,Fall,3
164,35-54,Low Income,1-2,2196.7700000000004,1326,65,20.4,33.79646153846154,Summer,3
1648,35-54,Low Income,1-2,2530.0500000000006,1478,55,26.87272727272727,46.000909090909104,Summer,3
1649,35-54,High Income,1-2,454.08000000000004,179,22,8.136363636363637,20.64,Fall,2
165,55+,Low Income,1-2,718.0100000000001,463,81,5.716049382716049,8.864320987654322,Spring,2
1650,35-54,Middle Income,3-4,847.4000000000001,329,62,5.306451612903226,13.667741935483873,Spring,2
166,18-34,Middle Income,3-4,1573.0699999999995,664,68,9.764705882352942,23.13338235294117,Fall,2
1662,35-54,High Income,1-2,3525.530000000001,1561,50,31.22,70.51060000000003,Summer,3
1676,35-54,Middle Income,1-2,2172.51,966,52,18.576923076923077,41.77903846153846,Summer,3
1677,35-54,Middle Income,1-2,6256.03,2276,109,20.880733944954127,57.394770642201834,Fall,3
1678,35-54,Middle Income,1-2,511.9,270,34,7.9411764705882355,15.055882352941175,Spring,2
1680,18-34,Low Income,3-4,1116.9799999999998,505,38,13.289473684210526,29.394210526315785,Summer,2
1686,35-54,Low Income,1-2,559.1800000000001,351,61,5.754098360655738,9.166885245901641,Fall,2
1689,35-54,Middle Income,1-2,1334.1299999999999,524,66,7.9393939393939394,20.214090909090906,Fall,2
1692,35-54,Middle Income,1-2,894.3700000000002,722,85,8.494117647058824,10.522000000000002,Summer,2
1693,18-34,Low Income,3-4,3960.6400000000017,1835,95,19.31578947368421,41.69094736842107,Summer,3
1694,35-54,Low Income,1-2,3262.32,1875,113,16.5929203539823,28.870088495575224,Winter,2
1695,35-54,Low Income,1-2,395.3399999999999,211,61,3.459016393442623,6.480983606557376,Fall,2
1696,35-54,Middle Income,3-4,1346.3300000000002,511,41,12.463414634146341,32.83731707317074,Fall,2
17,55+,Low Income,1-2,1223.0900000000004,764,48,15.916666666666666,25.481041666666673,Winter,2
170,18-34,Middle Income,3-4,860.35,442,26,17,33.090384615384615,Summer,2
1708,35-54,Low Income,1-2,1502.68,860,30,28.666666666666668,50.089333333333336,Fall,3
1709,18-34,Low Income,3-4,1216.47,641,53,12.09433962264151,22.952264150943396,Spring,2
1710,35-54,High Income,1-2,4337.97,1852,86,21.53488372093023,50.441511627906976,Summer,3
1720,35-54,Middle Income,1-2,2565.9500000000003,989,81,12.209876543209877,31.6783950617284,Spring,2
1722,35-54,Low Income,1-2,4168.669999999997,2173,127,17.11023622047244,32.82417322834644,Summer,1
1726,55+,Middle Income,1-2,3034.439999999999,975,67,14.552238805970148,45.29014925373133,Fall,3
1745,35-54,Low Income,1-2,796.4400000000002,542,67,8.08955223880597,11.88716417910448,Spring,2
1748,35-54,Low Income,1-2,2452.029999999999,1367,140,9.764285714285714,17.51449999999999,Fall,2
1749,55+,Low Income,1-2,1532.8600000000001,582,63,9.238095238095237,24.331111111111113,Summer,2
1751,18-34,Low Income,3-4,2780.819999999999,1784,123,14.504065040650406,22.60829268292682,Spring,2
1759,35-54,Low Income,5+,2232.1799999999994,1413,160,8.83125,13.951124999999996,Spring,2
1762,35-54,High Income,5+,5357.440000000002,2711,112,24.205357142857142,47.834285714285734,Winter,3
1764,35-54,Middle Income,3-4,6027.699999999996,2397,83,28.879518072289155,72.62289156626501,Fall,3
1765,35-54,Low Income,1-2,1870.5599999999995,1019,46,22.152173913043477,40.664347826086946,Fall,3
1775,35-54,Middle Income,5+,4682.3499999999995,2097,101,20.762376237623762,46.35990099009901,Spring,3
1778,18-34,Low Income,1-2,2386.5699999999997,1330,64,20.78125,37.290156249999995,Winter,3
1779,55+,Middle Income,1-2,1635.9,964,54,17.85185185185185,30.294444444444448,Summer,2
178,18-34,Low Income,5+,1229.8399999999997,544,79,6.886075949367089,15.567594936708856,Fall,2
1785,18-34,Low Income,5+,841.46000000000015,435,47,9.25531914893617,17.903404255319153,Fall,2
1788,35-54,Middle Income,1-2,4226.510000000001,1202,74,16.243243243243242,57.115000000000016,Summer,3
1791,35-54,Middle Income,1-2,982.1599999999999,594,70,8.485714285714286,14.03085714285714,Summer,2
1796,18-34,Low Income,1-2,1149.12,522,30,17.4,38.303999999999995,Fall,2
1797,55+,Low Income,1-2,1882.6600000000005,689,60,11.483333333333333,31.377666666666677,Fall,2
18,35-54,Middle Income,1-2,2793.4099999999994,1047,82,12.768292682926829,34.06597560975609,Winter,2
1800,35-54,High Income,1-2,891.12,340,24,14.166666666666666,37.13,Summer,2
1802,35-54,High Income,1-2,2265.2499999999995,831,29,28.655172413793103,78.11206896551722,Fall,3
1803,18-34,Middle Income,3-4,6281.610000000001,2588,111,23.315315315315317,56.591081081081086,Spring,3
1804,55+,Low Income,1-2,3864.7499999999986,1616,136,11.882352941176471,28.417279411764696,Summer,1
1812,35-54,Middle Income,1-2,1134.04,481,63,7.634920634920635,18.00063492063492,Fall,2
1814,55+,High Income,1-2,1490.01,568,30,18.933333333333334,49.667,Spring,3
1815,35-54,Low Income,1-2,2348.0399999999995,1243,53,23.452830188679247,44.302641509433954,Fall,3
1816,18-34,Low Income,5+,1505.11,814,90,9.044444444444444,16.723444444444443,Fall,2
1820,35-54,High Income,1-2,2653.440000000001,1346,61,22.065573770491802,43.49901639344264,Spring,3
1822,55+,Low Income,1-2,924.0400000000003,542,92,5.891304347826087,10.043913043478264,Winter,2
1823,35-54,Middle Income,1-2,4769.269999999995,2220,200,11.1,23.846349999999976,Fall,1
1829,55+,Middle Income,1-2,2701.87,924,164,5.634146341463414,16.47481707317073,Spring,2
1831,55+,Middle Income,1-2,2009.2299999999998,1015,73,13.904109589041095,27.523698630136984,Summer,2
1833,18-34,Low Income,5+,988.5899999999999,562,53,10.60377358490566,18.65264150943396,Spring,2
1834,35-54,High Income,5+,1528.8200000000004,761,72,10.569444444444445,21.233611111111117,Spring,2
184,35-54,Low Income,1-2,2256.84,1037,134,7.7388059701492535,16.842089552238807,Fall,2
1841,35-54,Low Income,1-2,1117.04,482,20,24.1,55.852,Fall,3
1844,35-54,High Income,1-2,593.39,262,45,5.822222222222222,13.186444444444444,Fall,2
1845,35-54,High Income,3-4,4251.129999999999,1744,77,22.649350649350648,55.20948051948051,Winter,3
1847,35-54,High Income,1-2,1173.5500000000002,465,61,7.622950819672131,19.238524590163937,Winter,2
1848,35-54,Middle Income,3-4,4251.93,1357,39,34.794871794871796,109.02384615384616,Winter,3
1850,55+,Middle Income,1-2,2139.5099999999998,820,102,8.03921568627451,20.975588235294115,Spring,2
1858,18-34,High Income,1-2,1182.8899999999999,466,41,11.365853658536585,28.850975609756095,Spring,2
1861,18-34,Low Income,3-4,799.8100000000002,574,74,7.756756756756757,10.808243243243245,Summer,2
1864,35-54,High Income,5+,6399.559999999998,2066,69,29.942028985507246,92.74724637681156,Fall,3
1865,35-54,Middle Income,1-2,2449.4400000000005,937,84,11.154761904761905,29.160000000000007,Spring,2
1869,18-34,Low Income,1-2,1518.3100000000004,775,63,12.301587301587302,24.100158730158736,Winter,2
1873,35-54,Low Income,1-2,2487.770000000001,1259,124,10.153225806451612,20.062661290322588,Spring,2
1879,55+,Low Income,1-2,2236.7300000000005,1417,164,8.640243902439025,13.638597560975613,Spring,2
1892,35-54,Low Income,3-4,2213.3299999999995,1429,158,9.044303797468354,14.008417721518985,Spring,2
1894,35-54,Middle Income,1-2,1576.56,675,27,25,58.39111111111111,Spring,3
1896,35-54,Middle Income,1-2,1561.13,736,69,10.666666666666666,22.625072463768117,Fall,2
1899,18-34,Low Income,3-4,5169.080000000001,2035,39,52.17948717948718,132.54051282051284,Fall,3
1907,18-34,Middle Income,1-2,2653.409999999999,1489,173,8.606936416184972,15.337630057803462,Winter,1
1911,35-54,Middle Income,1-2,454.46999999999997,272,59,4.610169491525424,7.7028813559322025,Winter,2
1914,55+,Middle Income,1-2,1712.94,592,81,7.308641975308642,21.147407407407407,Summer,2
1917,55+,Low Income,1-2,2719.41,1503,137,10.97080291970803,19.849708029197078,Summer,2
1919,35-54,Low Income,5+,1818.3700000000001,986,41,24.048780487804876,44.35048780487805,Summer,3
192,35-54,Low Income,1-2,1498.89,606,51,11.882352941176471,29.39,Winter,2
1920,55+,Middle Income,1-2,734.5700000000002,219,52,4.211538461538462,14.126346153846157,Spring,2
1921,35-54,Low Income,1-2,424.9600000000001,253,59,4.288135593220339,7.202711864406782,Summer,2
1923,18-34,Low Income,1-2,1468.8100000000009,533,64,8.328125,22.950156250000013,Spring,2
1926,18-34,Low Income,1-2,806.0700000000002,471,35,13.457142857142857,23.030571428571434,Fall,2
1927,18-34,Low Income,1-2,2247.6800000000003,1413,66,21.40909090909091,34.05575757575758,Spring,3
1928,35-54,Middle Income,3-4,847.4699999999999,501,54,9.277777777777779,15.693888888888887,Summer,2
1929,35-54,Low Income,1-2,1355.1800000000003,702,29,24.20689655172414,46.730344827586215,Winter,3
193,35-54,Middle Income,1-2,1589.4500000000005,649,53,12.245283018867925,29.989622641509442,Spring,2
1931,35-54,Middle Income,1-2,751.2,435,61,7.131147540983607,12.314754098360657,Summer,2
1935,55+,High Income,1-2,4853.659999999999,1554,55,28.254545454545454,88.24836363636362,Fall,3
1937,35-54,Middle Income,1-2,2726.86,1528,84,18.19047619047619,32.46261904761905,Summer,3
1939,35-54,Middle Income,1-2,1193.57,554,30,18.466666666666665,39.785666666666664,Fall,3
1944,18-34,High Income,3-4,4122.719999999998,1322,69,19.159420289855074,59.74956521739128,Winter,3
1946,18-34,Middle Income,1-2,1929.8600000000001,811,30,27.033333333333335,64.32866666666668,Spring,3
1948,35-54,Middle Income,1-2,981.94,599,63,9.507936507936508,15.586349206349206,Summer,2
1949,35-54,Low Income,1-2,938.5499999999998,506,40,12.65,23.463749999999997,Summer,2
1953,35-54,Middle Income,1-2,1254.0000000000005,549,70,7.8428571428571425,17.91428571428572,Winter,2
1955,18-34,Low Income,1-2,3056.1300000000006,1893,65,29.123076923076923,47.01738461538462,Fall,3
1962,55+,Low Income,1-2,1432.5699999999997,629,75,8.386666666666667,19.10093333333333,Fall,2
1964,55+,Low Income,1-2,838.9800000000001,516,39,13.23076923076923,21.512307692307697,Summer,2
1965,18-34,Middle Income,3-4,1435.3799999999999,695,77,9.025974025974026,18.641298701298698,Spring,2
1975,35-54,Middle Income,1-2,8096.659999999998,2667,191,13.963350785340314,42.39089005235601,Spring,1
1976,18-34,Middle Income,5+,1484.95,710,90,7.888888888888889,16.499444444444446,Spring,2
1979,35-54,High Income,3-4,314.9700000000001,144,46,3.130434782608696,6.84717391304348,Winter,2
1980,55+,Middle Income,1-2,1934.6999999999998,773,26,29.73076923076923,74.41153846153846,Fall,3
1982,18-34,Middle Income,1-2,1303.0200000000004,897,66,13.590909090909092,19.74272727272728,Fall,2
1985,18-34,Middle Income,5+,4091.1800000000003,1695,89,19.04494382022472,45.96831460674158,Fall,3
1989,55+,Low Income,1-2,1259.05,727,85,8.552941176470588,14.81235294117647,Fall,2
1990,35-54,High Income,5+,1768.8099999999997,748,56,13.357142857142858,31.585892857142852,Spring,2
1995,18-34,Low Income,3-4,6735.450000000001,2637,81,32.55555555555556,83.15370370370371,Fall,3
1997,18-34,Middle Income,1-2,1818.07,621,32,19.40625,56.8146875,Winter,3
2002,35-54,Low Income,1-2,817.73,488,26,18.76923076923077,31.451153846153847,Fall,2
2004,35-54,Middle Income,1-2,4536.390000000001,2021,145,13.937931034482759,31.285448275862077,Summer,1
2006,35-54,Low Income,1-2,1408.2900000000002,749,44,17.022727272727273,32.00659090909091,Fall,2
2007,35-54,Middle Income,3-4,3500.52,1402,78,17.974358974358974,44.878461538461536,Summer,3
201,35-54,Low Income,5+,717.5500000000001,409,32,12.78125,22.423437500000002,Fall,2
2011,35-54,Middle Income,1-2,726.68,443,63,7.031746031746032,11.534603174603173,Winter,2
2012,35-54,Low Income,1-2,3586.419999999999,1850,147,12.585034013605442,24.39741496598639,Summer,1
2013,18-34,Low Income,1-2,407.70999999999987,193,57,3.3859649122807016,7.152807017543857,Summer,2
2017,35-54,Middle Income,1-2,2804.130000000001,1653,75,22.04,37.38840000000001,Fall,3
2018,35-54,Middle Income,1-2,1586.9699999999998,889,105,8.466666666666667,15.113999999999997,Summer,2
2020,35-54,Middle Income,5+,4061.5999999999995,1859,153,12.15032679738562,26.546405228758168,Spring,1
2023,35-54,Low Income,3-4,1237.1700000000005,513,74,6.9324324324324325,16.71851351351352,Winter,2
2024,18-34,High Income,1-2,1965.6100000000004,740,38,19.473684210526315,51.72657894736843,Winter,3
2030,35-54,Middle Income,1-2,1181.8400000000001,619,60,10.316666666666666,19.697333333333336,Fall,2
2040,18-34,Low Income,1-2,1222.6399999999999,680,181,3.7569060773480665,6.754917127071822,Winter,2
2041,35-54,Low Income,1-2,3147.509999999999,1126,93,12.10752688172043,33.84419354838708,Summer,2
2050,35-54,Low Income,5+,1322.02,631,60,10.516666666666667,22.033666666666665,Summer,2
2053,35-54,Low Income,1-2,1635.2799999999995,741,96,7.71875,17.03416666666666,Spring,2
2057,35-54,Low Income,1-2,1196.3600000000001,645,62,10.403225806451612,19.296129032258065,Spring,2
2058,18-34,High Income,1-2,2177.4299999999994,754,83,9.08433734939759,26.234096385542163,Fall,2
2062,18-34,Low Income,1-2,1094.43,610,67,9.104477611940299,16.334776119402985,Winter,2
2063,55+,Middle Income,1-2,563.1600000000001,357,34,10.5,16.56352941176471,Summer,2
2064,18-34,Middle Income,1-2,3065.029999999999,1099,184,5.9728260869565215,16.65777173913043,Summer,1
2068,55+,Middle Income,1-2,1088.76,671,66,10.166666666666666,16.496363636363636,Spring,2
2069,35-54,Low Income,1-2,576.6599999999999,301,46,6.543478260869565,12.536086956521736,Summer,2
2076,18-34,Middle Income,3-4,2146.67,1226,91,13.472527472527473,23.58978021978022,Winter,2
208,35-54,Middle Income,1-2,1399.6400000000006,730,61,11.967213114754099,22.944918032786894,Spring,2
2082,35-54,Low Income,3-4,1236.5800000000002,594,88,6.75,14.052045454545457,Winter,2
2084,55+,High Income,1-2,1452.8100000000009,700,76,9.210526315789474,19.11592105263159,Fall,2
2085,35-54,Low Income,1-2,5602.2999999999975,2662,188,14.159574468085106,29.79946808510637,Winter,1
2087,35-54,Middle Income,1-2,2789.669999999999,1417,107,13.242990654205608,26.071682242990647,Fall,2
2088,18-34,Low Income,1-2,2272.1400000000003,1873,64,29.265625,35.502187500000005,Fall,3
209,35-54,Low Income,3-4,2945.9899999999993,1271,94,13.52127659574468,31.340319148936164,Summer,2
2092,35-54,Low Income,3-4,573.88,386,49,7.877551020408164,11.711836734693877,Spring,2
2094,35-54,Middle Income,1-2,1066.73,690,41,16.829268292682926,26.017804878048782,Fall,2
2097,35-54,Low Income,5+,3083.759999999999,1409,90,15.655555555555555,34.26399999999999,Spring,2
2100,55+,Low Income,1-2,1311.2600000000002,984,50,19.68,26.225200000000005,Winter,2
2102,55+,High Income,1-2,1387.93,533,58,9.189655172413794,23.929827586206898,Spring,2
2107,35-54,Middle Income,5+,1355.9900000000002,735,55,13.363636363636363,24.65436363636364,Spring,2
211,55+,Low Income,1-2,780.8400000000003,493,56,8.803571428571429,13.943571428571433,Summer,2
2110,35-54,High Income,1-2,3758.459999999999,1269,92,13.793478260869565,40.85282608695651,Spring,3
2111,35-54,Middle Income,1-2,1080.03,691,50,13.82,21.6006,Winter,2
2112,35-54,Low Income,5+,1872.7999999999995,960,77,12.467532467532468,24.322077922077916,Fall,2
2115,35-54,High Income,5+,4160.869999999999,1703,121,14.074380165289256,34.38735537190082,Winter,1
2116,35-54,Middle Income,5+,4343.62,2085,95,21.94736842105263,45.72231578947368,Winter,3
2119,18-34,Middle Income,1-2,1010.79,685,25,27.4,40.431599999999996,Fall,3
212,35-54,Low Income,1-2,1192.0700000000002,543,59,9.203389830508474,20.204576271186443,Summer,2
2121,55+,Low Income,1-2,1771.2700000000007,692,63,10.984126984126984,28.115396825396836,Spring,2
2123,35-54,Middle Income,1-2,2211.22,1022,41,24.926829268292682,53.93219512195122,Winter,3
2124,18-34,Middle Income,3-4,2448.81,1383,83,16.662650602409638,29.503734939759035,Summer,2
2129,18-34,Low Income,1-2,2859.33,1671,78,21.423076923076923,36.65807692307692,Fall,3
2130,18-34,Middle Income,1-2,3165.5099999999993,1395,62,22.5,51.0566129032258,Fall,3
2133,55+,Middle Income,1-2,2782.100000000002,955,75,12.733333333333333,37.0946666666667,Fall,2
2134,35-54,Low Income,1-2,3883.52,1688,47,35.91489361702128,82.62808510638298,Spring,3
214,55+,Low Income,1-2,1498.0800000000004,699,55,12.709090909090909,27.237818181818188,Summer,2
2140,55+,Low Income,1-2,945.96000000000015,436,47,9.27659574468085,20.126808510638302,Fall,2
2147,18-34,Middle Income,3-4,2253.1600000000003,1262,50,25.24,45.06320000000001,Summer,3
2148,55+,Low Income,3-4,1032.0100000000002,699,59,11.847457627118644,17.49169491525424,Spring,2
2154,35-54,Low Income,1-2,1234.8900000000003,700,90,7.777777777777778,13.721000000000004,Summer,2
2156,35-54,Middle Income,1-2,2252.19,1384,46,30.08695652173913,48.96065217391305,Summer,3
2158,18-34,Middle Income,1-2,1009.8999999999999,533,46,11.58695652173913,21.954347826086952,Winter,2
216,35-54,Middle Income,1-2,1361.9699999999998,523,71,7.366197183098592,19.182676056338025,Fall,2
2162,35-54,Middle Income,1-2,7510.2,2153,80,26.9125,93.8775,Winter,3
2168,35-54,Middle Income,1-2,1779.2299999999993,1077,104,10.35576923076923,17.107980769230764,Summer,2
2172,18-34,Middle Income,1-2,1334.1799999999998,440,66,6.666666666666667,20.21484848484848,Fall,2
2173,18-34,Low Income,1-2,1342.9,575,64,8.984375,20.9828125,Fall,2
2179,35-54,Low Income,3-4,573.15,176,25,7.04,22.926,Spring,2
218,35-54,Low Income,1-2,2938.9900000000007,1113,69,16.130434782608695,42.5940579710145,Spring,3
2181,55+,Middle Income,3-4,1788.6500000000003,596,41,14.536585365853659,43.62560975609757,Fall,2
2182,35-54,Middle Income,1-2,448.88000000000005,222,39,5.6923076923076925,11.509743589743591,Winter,2
2183,55+,Low Income,1-2,1665.49,834,82,10.170731707317072,20.310853658536587,Summer,2
2184,18-34,Middle Income,1-2,1323.8999999999999,469,83,5.650602409638554,15.950602409638552,Spring,2
2185,18-34,High Income,3-4,2586.540000000001,895,33,27.12121212121212,78.38000000000002,Summer,3
2186,35-54,Low Income,1-2,2339.0199999999995,994,78,12.743589743589743,29.98743589743589,Summer,2
2188,55+,Low Income,1-2,1411.9800000000002,869,75,11.586666666666666,18.826400000000003,Spring,2
219,55+,High Income,1-2,4007.900000000001,1553,127,12.228346456692913,31.55826771653544,Spring,1
2190,35-54,Middle Income,3-4,2993.4500000000003,1767,102,17.323529411764707,29.347549019607847,Summer,2
2193,18-34,Middle Income,1-2,3046.059999999999,1170,50,23.4,60.92119999999998,Spring,3
2194,55+,Low Income,1-2,2641.049999999998,1169,188,6.218085106382978,14.04813829787233,Fall,1
2198,35-54,Low Income,1-2,3023.8099999999986,1335,215,6.209302325581396,14.064232558139528,Spring,1
2199,18-34,Middle Income,3-4,1913.9400000000003,1129,66,17.106060606060606,28.999090909090913,Summer,2
22,35-54,Middle Income,1-2,1847.2699999999995,748,62,12.064516129032258,29.79467741935483,Winter,2
220,35-54,Low Income,1-2,967.2599999999996,511,34,15.029411764705882,28.448823529411754,Spring,2
2200,35-54,Low Income,1-2,2547.5800000000013,1424,84,16.952380952380953,30.328333333333347,Fall,2
2203,35-54,Middle Income,1-2,2090.59,500,45,11.11111111111111,46.45755555555556,Fall,2
2208,35-54,Middle Income,3-4,2690.0999999999995,1250,69,18.115942028985508,38.986956521739124,Spring,3
2209,18-34,Low Income,5+,2020.1100000000004,1008,92,10.956521739130435,21.957717391304353,Fall,2
221,55+,Low Income,1-2,1474.4599999999998,1026,46,22.304347826086957,32.05347826086956,Fall,3
2217,35-54,Low Income,1-2,1401.2500000000005,748,101,7.405940594059406,13.873762376237629,Winter,2
222,35-54,Low Income,1-2,1253.4899999999998,876,46,19.043478260869566,27.249782608695647,Winter,2
2221,55+,Low Income,1-2,1138.0399999999997,625,71,8.80281690140845,16.028732394366195,Summer,2
2224,18-34,High Income,1-2,1776.5500000000004,738,57,12.947368421052632,31.16754385964913,Summer,2
2231,35-54,High Income,1-2,1387.4899999999998,543,33,16.454545454545453,42.04515151515151,Winter,2
2233,18-34,High Income,1-2,2877.1,1198,106,11.30188679245283,27.142452830188677,Winter,2
2234,55+,Low Income,1-2,2498.9399999999996,1000,92,10.869565217391305,27.16239130434782,Fall,2
2235,35-54,High Income,3-4,1423.2500000000005,390,53,7.3584905660377355,26.853773584905667,Fall,2
2237,35-54,Middle Income,1-2,2086.6600000000003,1039,78,13.320512820512821,26.752051282051287,Spring,2
2243,35-54,Middle Income,1-2,1796.35,873,29,30.103448275862068,61.943103448275856,Fall,3
2250,35-54,Middle Income,1-2,835.07,506,30,16.866666666666667,27.83566666666667,Spring,2
2252,35-54,Middle Income,3-4,3600.849999999999,2181,176,12.392045454545455,20.459374999999994,Fall,1
2254,18-34,Low Income,1-2,409.5,197,50,3.94,8.19,Summer,2
2260,35-54,Low Income,1-2,1898.4200000000003,1426,37,38.54054054054054,51.308648648648656,Spring,3
2264,35-54,High Income,1-2,7542.139999999995,2649,186,14.241935483870968,40.549139784946206,Winter,1
2266,18-34,Low Income,1-2,3858.1499999999983,1511,81,18.65432098765432,47.63148148148146,Fall,3
2269,55+,Low Income,1-2,1065.1000000000006,594,119,4.991596638655462,8.950420168067232,Summer,2
2272,55+,Low Income,1-2,1218.7199999999998,469,54,8.685185185185185,22.568888888888885,Summer,2
2279,18-34,Middle Income,1-2,552.48,262,38,6.894736842105263,14.538947368421054,Fall,2
2280,35-54,Low Income,3-4,5691.1,2348,135,17.392592592592592,42.1562962962963,Summer,1
2282,55+,High Income,1-2,324.1000000000001,140,42,3.3333333333333335,7.716666666666669,Fall,2
2284,35-54,High Income,1-2,7596.229999999998,2540,159,15.974842767295597,47.775031446540865,Winter,1
2292,35-54,Low Income,5+,653.0000000000002,461,75,6.1466666666666665,8.70666666666667,Summer,2
2294,35-54,Low Income,3-4,1904.27,1011,56,18.053571428571427,34.004821428571425,Spring,2
2295,35-54,Low Income,1-2,2610.6999999999994,1552,43,36.093023255813954,60.71395348837208,Spring,3
2296,35-54,High Income,1-2,5835.639999999999,3066,149,20.57718120805369,39.165369127516776,Spring,1
2298,55+,Middle Income,1-2,1133.84,591,50,11.82,22.6768,Winter,2
230,18-34,Low Income,1-2,1771.6999999999994,1151,85,13.541176470588235,20.8435294117647,Fall,2
2300,35-54,Middle Income,1-2,2319.140000000001,1049,73,14.36986301369863,31.769041095890422,Fall,2
2302,35-54,Low Income,3-4,768.4500000000002,453,40,11.325,19.211250000000003,Winter,2
2305,35-54,Middle Income,1-2,2170.4300000000003,1153,53,21.754716981132077,40.95150943396227,Summer,3
2307,35-54,Middle Income,3-4,2296.02,1235,84,14.702380952380953,27.333571428571428,Winter,2
2312,35-54,High Income,1-2,5614.890000000002,2448,177,13.830508474576272,31.722542372881367,Fall,1
2314,35-54,High Income,1-2,1813.2499999999998,1047,45,23.266666666666666,40.29444444444444,Spring,3
2317,35-54,Middle Income,5+,5491.580000000002,3069,69,44.47826086956522,79.588115942029,Summer,3
2318,18-34,Low Income,1-2,3731.1299999999997,1831,155,11.812903225806451,24.0718064516129,Summer,1
232,35-54,Low Income,1-2,4506.479999999997,2369,170,13.935294117647059,26.508705882352924,Winter,1
2322,35-54,High Income,1-2,8587.989999999993,2785,145,19.20689655172414,59.22751724137926,Fall,1
2324,35-54,Middle Income,1-2,1440.6200000000001,701,76,9.223684210526315,18.955526315789474,Spring,2
2328,35-54,High Income,1-2,4953.080000000001,1387,77,18.01298701298701,64.3257142857143,Winter,3
2330,35-54,Middle Income,1-2,1874.7900000000002,663,25,26.52,74.9916,Spring,3
2331,35-54,Low Income,5+,1777.6000000000006,1223,36,33.97222222222222,49.377777777777794,Summer,3
2334,35-54,Middle Income,1-2,5367.059999999999,2224,185,12.021621621621621,29.011135135135127,Fall,1
2341,35-54,Middle Income,1-2,2612.62,1804,170,10.611764705882353,15.36835294117647,Spring,2
2342,55+,Middle Income,1-2,1490.8500000000004,785,79,9.936708860759493,18.871518987341776,Summer,2
2343,18-34,Middle Income,1-2,2021.7600000000002,942,116,8.120689655172415,17.42896551724138,Winter,2
2347,35-54,Low Income,1-2,1796.03,822,50,16.44,35.9206,Spring,2
235,35-54,High Income,5+,3840.58,1479,76,19.460526315789473,50.53394736842105,Fall,3
2351,35-54,Middle Income,1-2,6052.249999999997,2637,147,17.93877551020408,41.171768707482975,Summer,1
2359,35-54,Low Income,1-2,1232.3500000000006,805,104,7.740384615384615,11.849519230769236,Winter,2
2360,18-34,Middle Income,1-2,2746.87,1262,139,9.079136690647482,19.761654676258992,Winter,2
2361,18-34,Low Income,1-2,2480.9900000000007,963,58,16.603448275862068,42.77568965517243,Spring,3
2364,35-54,Low Income,1-2,2947.770000000001,1358,67,20.26865671641791,43.99656716417912,Summer,3
2367,35-54,Low Income,1-2,2267.03,1280,91,14.065934065934066,24.912417582417586,Winter,2
2370,18-34,Low Income,1-2,1779.7,1187,81,14.654320987654321,21.971604938271607,Summer,2
2374,35-54,High Income,1-2,2944.300000000001,1174,45,26.08888888888889,65.4288888888889,Fall,3
2376,35-54,Low Income,1-2,1559.4300000000003,698,85,8.211764705882352,18.34623529411765,Fall,2
2378,18-34,Middle Income,5+,4868.230000000001,2140,104,20.576923076923077,46.80990384615386,Fall,3
2380,35-54,Middle Income,1-2,2156.9499999999994,1615,98,16.479591836734695,22.009693877551015,Spring,2
239,35-54,Middle Income,1-2,1755.3999999999994,1256,138,9.101449275362318,12.72028985507246,Spring,2
2390,18-34,Middle Income,1-2,478.01000000000005,186,28,6.642857142857143,17.071785714285717,Winter,2
2393,35-54,Middle Income,1-2,1641.2799999999997,774,37,20.91891891891892,44.35891891891891,Summer,3
2397,55+,High Income,1-2,639.0700000000002,246,28,8.785714285714286,22.823928571428578,Fall,2
2400,35-54,Low Income,3-4,6569.710000000001,3276,182,18,36.097307692307695,Summer,1
2405,18-34,Low Income,1-2,1414.15,621,77,8.064935064935066,18.365584415584415,Summer,2
2406,18-34,High Income,3-4,2104.65,796,83,9.590361445783133,25.357228915662652,Spring,2
2407,35-54,Middle Income,1-2,2733.03,1954,86,22.72093023255814,31.779418604651166,Fall,3
2411,55+,Low Income,1-2,839.0200000000003,291,43,6.767441860465116,19.512093023255822,Spring,2
242,35-54,Middle Income,5+,1644.2800000000002,750,37,20.27027027027027,44.440000000000005,Summer,3
2420,35-54,Low Income,3-4,1498.5099999999998,979,42,23.30952380952381,35.67880952380952,Summer,3
2421,35-54,High Income,5+,2687.6000000000004,1303,42,31.023809523809526,63.9904761904762,Fall,3
2426,18-34,Low Income,1-2,1083.7,537,62,8.661290322580646,17.479032258064517,Fall,2
2427,35-54,Middle Income,3-4,2953.009999999998,1494,148,10.094594594594595,19.952770270270257,Spring,2
243,55+,Middle Income,1-2,2726.57,1176,106,11.09433962264151,25.72235849056604,Spring,2
2432,18-34,Low Income,1-2,3005.7799999999997,1829,178,10.275280898876405,16.88640449438202,Summer,1
2435,35-54,Middle Income,5+,1632.8799999999997,1288,25,51.52,65.31519999999999,Summer,3
2437,35-54,High Income,5+,2226.46,783,37,21.16216216216216,60.174594594594595,Fall,3
2445,35-54,Low Income,1-2,2796.96,1856,80,23.2,34.962,Winter,3
2446,35-54,High Income,1-2,1872.4099999999999,883,70,12.614285714285714,26.748714285714282,Fall,2
2447,35-54,Low Income,1-2,2609.4600000000005,763,60,12.716666666666667,43.49100000000001,Winter,2
2448,35-54,Middle Income,1-2,3417.7099999999978,1312,97,13.525773195876289,35.23412371134018,Fall,2
2449,35-54,High Income,5+,4069.669999999996,1537,144,10.67361111111111,28.261597222222193,Winter,1
2453,35-54,Middle Income,1-2,1990.2300000000002,694,62,11.193548387096774,32.10048387096774,Fall,2
2455,35-54,Low Income,1-2,3056.7899999999986,1247,67,18.611940298507463,45.62373134328356,Fall,3
2465,55+,Low Income,1-2,522.2800000000001,298,65,4.584615384615384,8.035076923076925,Summer,2
2479,18-34,High Income,1-2,6143.339999999998,2761,64,43.140625,95.98968749999997,Fall,3
248,35-54,High Income,3-4,2033.7500000000002,1049,31,33.83870967741935,65.60483870967742,Fall,3
2483,35-54,Middle Income,1-2,749.8700000000001,472,62,7.612903225806452,12.094677419354841,Fall,2
2486,35-54,Low Income,1-2,1644.7800000000002,1119,57,19.63157894736842,28.855789473684215,Fall,2
2488,35-54,Low Income,1-2,2497.19,1058,59,17.93220338983051,42.325254237288135,Fall,3
2489,35-54,Middle Income,1-2,4602.729999999999,2300,77,29.87012987012987,59.775714285714265,Spring,3
249,35-54,Low Income,3-4,1481.2800000000004,848,88,9.636363636363637,16.83272727272728,Fall,2
2494,35-54,Middle Income,1-2,1041.8200000000002,409,23,17.782608695652176,45.29652173913044,Winter,3
2496,35-54,Middle Income,3-4,1513.7999999999997,864,33,26.181818181818183,45.87272727272727,Fall,3
2497,35-54,Low Income,1-2,2898.91,1396,120,11.633333333333333,24.15758333333333,Winter,2
2498,18-34,Middle Income,1-2,1916.3600000000001,730,131,5.572519083969466,14.628702290076337,Winter,2
2499,18-34,Low Income,3-4,1521.2200000000003,806,44,18.318181818181817,34.57318181818182,Summer,2
25,35-54,Middle Income,1-2,1536.2999999999997,604,49,12.326530612244898,31.35306122448979,Fall,2
250,35-54,Middle Income,3-4,3109.59,1382,82,16.853658536585368,37.92182926829268,Fall,3
253,35-54,Low Income,1-2,3601.1700000000005,2698,167,16.15568862275449,21.563892215568867,Fall,1
256,18-34,Middle Income,1-2,4606.79,1629,54,30.166666666666668,85.31092592592593,Winter,3
257,18-34,Low Income,3-4,905.18,736,70,10.514285714285714,12.931142857142856,Spring,2
263,35-54,Low Income,1-2,2321.740000000001,1246,202,6.1683168316831685,11.49376237623763,Summer,1
264,35-54,Middle Income,1-2,810.6999999999999,406,33,12.303030303030303,24.566666666666663,Spring,2
276,35-54,Low Income,1-2,2070.41,1032,96,10.75,21.566770833333333,Spring,2
281,35-54,Middle Income,1-2,487.93,284,38,7.473684210526316,12.840263157894737,Spring,2
282,35-54,Low Income,1-2,1652.5500000000004,612,51,12,32.4029411764706,Spring,2
283,18-34,Middle Income,1-2,3042.4799999999996,1052,48,21.916666666666668,63.38499999999999,Fall,3
289,35-54,Middle Income,1-2,1805.8699999999997,709,84,8.44047619047619,21.498452380952376,Fall,2
294,18-34,Middle Income,3-4,2096.0299999999997,1199,122,9.827868852459016,17.1805737704918,Spring,2
300,55+,Low Income,1-2,1177.6800000000005,660,55,12,21.412363636363647,Fall,2
301,35-54,Low Income,3-4,3196.6400000000003,1405,49,28.6734693877551,65.23755102040818,Summer,3
302,35-54,Low Income,3-4,895.82,333,55,6.054545454545455,16.287636363636363,Fall,2
304,18-34,Middle Income,1-2,3234.9199999999987,1644,147,11.183673469387756,22.00625850340135,Winter,1
306,18-34,Low Income,3-4,2135.2200000000003,1422,98,14.510204081632653,21.787959183673472,Fall,2
309,18-34,Middle Income,1-2,1111.79,541,13,41.61538461538461,85.52230769230769,Winter,3
31,35-54,Low Income,1-2,1921.57,791,30,26.366666666666667,64.05233333333334,Fall,3
314,35-54,Middle Income,3-4,1284.8200000000004,951,20,47.55,64.24100000000001,Fall,3
317,35-54,Middle Income,1-2,2331.659999999999,1076,30,35.86666666666667,77.72199999999997,Summer,3
319,35-54,Low Income,3-4,1324.8999999999999,858,47,18.25531914893617,28.189361702127655,Spring,2
321,35-54,Middle Income,1-2,2084.4300000000003,906,61,14.852459016393443,34.170983606557385,Summer,2
324,35-54,Middle Income,1-2,3002.01,1010,54,18.703703703703702,55.59277777777778,Winter,3
325,35-54,Middle Income,3-4,1100.9200000000003,528,36,14.666666666666666,30.58111111111112,Spring,2
329,18-34,Middle Income,1-2,1350.6300000000003,694,87,7.977011494252873,15.524482758620694,Fall,2
332,35-54,High Income,5+,2630.5299999999997,1401,63,22.238095238095237,41.75444444444444,Spring,3
346,55+,Middle Income,1-2,2794.350000000001,1333,85,15.68235294117647,32.87470588235295,Spring,2
350,35-54,Middle Income,3-4,877.5500000000001,288,38,7.578947368421052,23.09342105263158,Winter,2
351,35-54,Middle Income,1-2,3540.999999999998,1434,171,8.385964912280702,20.707602339181275,Winter,1
353,35-54,High Income,1-2,1669.82,754,70,10.771428571428572,23.85457142857143,Summer,2
354,18-34,Low Income,5+,3403.390000000001,1592,75,21.226666666666667,45.378533333333344,Summer,3
361,35-54,Middle Income,1-2,2959.8700000000017,1804,95,18.989473684210527,31.156526315789492,Summer,3
362,55+,Middle Income,1-2,1198.81,542,44,12.318181818181818,27.24568181818182,Winter,2
367,55+,Middle Income,1-2,3233.890000000001,1768,60,29.466666666666665,53.89816666666668,Winter,3
370,55+,Middle Income,1-2,987.8299999999998,588,63,9.333333333333334,15.679841269841267,Summer,2
371,35-54,Middle Income,3-4,6949.490000000002,3402,101,33.68316831683168,68.80683168316833,Spring,3
377,35-54,Middle Income,1-2,950.6000000000001,457,58,7.879310344827586,16.389655172413796,Fall,2
378,55+,Middle Income,1-2,1913.3199999999993,604,156,3.871794871794872,12.264871794871791,Spring,2
381,18-34,Low Income,1-2,1156.32,429,40,10.725,28.907999999999998,Spring,2
383,35-54,Middle Income,1-2,2324.46,1137,77,14.766233766233766,30.187792207792207,Summer,2
385,18-34,Middle Income,5+,1055.6399999999999,515,21,24.523809523809526,50.26857142857142,Fall,3
386,35-54,Low Income,1-2,1908.170000000002,1504,144,10.444444444444445,13.25118055555557,Summer,2
387,18-34,Middle Income,1-2,2365.72,764,75,10.186666666666667,31.54293333333333,Winter,2
389,35-54,High Income,1-2,5347.9299999999985,2580,130,19.846153846153847,41.137923076923066,Spring,1
39,35-54,High Income,1-2,1553.65,710,30,23.666666666666668,51.788333333333334,Fall,3
390,35-54,Low Income,1-2,712.5500000000001,315,54,5.833333333333333,13.195370370370371,Fall,2
391,55+,Low Income,1-2,1162.08,527,47,11.212765957446809,24.725106382978723,Fall,2
392,35-54,High Income,3-4,5185.3499999999995,1538,64,24.03125,81.02109374999999,Fall,3
395,35-54,Low Income,1-2,390.05000000000007,239,41,5.829268292682927,9.513414634146343,Summer,2
40,35-54,Low Income,1-2,4492.249999999998,1809,166,10.897590361445783,27.061746987951796,Winter,1
400,35-54,High Income,3-4,8259.269999999999,2732,155,17.625806451612902,53.2856129032258,Summer,1
404,18-34,Low Income,1-2,2201.8199999999997,664,115,5.773913043478261,19.146260869565214,Spring,2
409,18-34,Low Income,1-2,1628.65,917,61,15.032786885245901,26.699180327868852,Fall,2
410,55+,Low Income,5+,416.3499999999999,359,81,4.432098765432099,5.140123456790122,Fall,2
411,35-54,Low Income,1-2,3340.3700000000003,1435,91,15.76923076923077,36.70736263736264,Fall,3
412,55+,Low Income,1-2,1087.0800000000002,742,60,12.366666666666667,18.118000000000002,Spring,2
413,35-54,Middle Income,1-2,1930.6699999999998,980,145,6.758620689655173,13.314965517241378,Spring,2
417,35-54,Low Income,1-2,1202.4199999999998,685,49,13.979591836734693,24.539183673469385,Summer,2
418,35-54,Low Income,3-4,3862.749999999998,1704,119,14.319327731092438,32.46008403361343,Summer,1
42,55+,Middle Income,1-2,710.0799999999998,630,50,12.6,14.201599999999996,Spring,2
426,35-54,Middle Income,1-2,2224.750000000001,1097,96,11.427083333333334,23.174479166666675,Summer,2
428,18-34,Middle Income,1-2,1612.14,1089,51,21.352941176470587,31.61058823529412,Winter,3
43,35-54,Low Income,5+,510.4599999999999,217,60,3.6166666666666667,8.507666666666665,Winter,2
432,18-34,Low Income,1-2,1501.73,780,150,5.2,10.011533333333334,Summer,2
434,35-54,Low Income,3-4,1674.4399999999994,915,68,13.455882352941176,24.624117647058814,Spring,2
437,18-34,Middle Income,5+,1435.2099999999998,872,29,30.06896551724138,49.489999999999995,Fall,3
438,35-54,Middle Income,1-2,2362.92,1070,50,21.4,47.2584,Summer,3
441,35-54,Middle Income,1-2,893.98,430,49,8.775510204081632,18.24448979591837,Fall,2
442,18-34,Low Income,1-2,1172.0400000000002,594,120,4.95,9.767000000000001,Fall,2
443,35-54,Low Income,1-2,1653.5700000000002,1043,64,16.296875,25.837031250000003,Winter,2
451,18-34,Low Income,1-2,884.9200000000003,315,80,3.9375,11.061500000000004,Fall,2
454,55+,Low Income,1-2,3101.3400000000015,2197,163,13.478527607361963,19.026625766871174,Spring,1
456,18-34,Middle Income,1-2,2830.4500000000003,924,52,17.76923076923077,54.431730769230775,Summer,3
458,55+,Low Income,1-2,765.2999999999997,475,71,6.690140845070423,10.778873239436615,Spring,2
46,35-54,High Income,5+,4436.469999999999,1598,92,17.369565217391305,48.22249999999999,Fall,3
460,55+,Low Income,1-2,229.37000000000003,138,47,2.9361702127659575,4.880212765957448,Summer,2
462,55+,Middle Income,1-2,547.86,239,49,4.877551020408164,11.180816326530612,Summer,2
464,55+,Middle Income,1-2,1408.46,909,84,10.821428571428571,16.767380952380954,Spring,2
469,35-54,Middle Income,1-2,2782.32,1063,83,12.80722891566265,33.52192771084338,Spring,2
473,35-54,Middle Income,1-2,1162.2500000000002,654,30,21.8,38.741666666666674,Fall,3
48,18-34,Low Income,1-2,651.6700000000002,248,32,7.75,20.364687500000006,Summer,2
483,35-54,Low Income,1-2,1278.9900000000002,689,64,10.765625,19.984218750000004,Summer,2
484,18-34,Low Income,1-2,1510.1399999999994,684,82,8.341463414634147,18.41634146341463,Fall,2
485,35-54,Low Income,1-2,1423.9199999999998,833,70,11.9,20.341714285714282,Fall,2
489,55+,High Income,1-2,2158.13,1068,92,11.608695652173912,23.457934782608696,Fall,2
49,35-54,Low Income,1-2,2850.54,1700,59,28.8135593220339,48.314237288135594,Winter,3
490,35-54,Middle Income,5+,1745.6799999999998,1335,38,35.13157894736842,45.93894736842105,Summer,3
491,35-54,Middle Income,1-2,1596.7400000000002,546,49,11.142857142857142,32.5865306122449,Spring,2
492,35-54,Middle Income,1-2,3565.3399999999997,1633,63,25.92063492063492,56.59269841269841,Fall,3
493,55+,Middle Income,1-2,2079.249999999999,1077,110,9.790909090909091,18.90227272727272,Fall,2
510,35-54,High Income,3-4,2828.989999999999,1470,180,8.166666666666666,15.716611111111105,Fall,1
513,35-54,Middle Income,1-2,4336.500000000002,1313,85,15.447058823529412,51.01764705882355,Summer,3
518,35-54,Middle Income,1-2,2880.5400000000013,1474,106,13.90566037735849,27.17490566037737,Spring,2
52,35-54,Middle Income,1-2,2039.1300000000006,893,67,13.328358208955224,30.434776119402994,Spring,2
523,55+,Low Income,1-2,2649.0400000000004,1286,137,9.386861313868613,19.336058394160588,Fall,2
526,35-54,Middle Income,1-2,1455.4000000000003,653,82,7.963414634146342,17.748780487804883,Fall,2
527,35-54,Middle Income,1-2,1955.6100000000004,732,78,9.384615384615385,25.07192307692308,Spring,2
540,18-34,Middle Income,1-2,1567.6000000000004,508,58,8.758620689655173,27.027586206896558,Fall,2
542,18-34,Low Income,1-2,881.21000000000015,459,55,8.345454545454546,16.022000000000002,Winter,2
543,35-54,Low Income,3-4,1672.32,1046,61,17.147540983606557,27.415081967213112,Fall,2
546,35-54,Middle Income,1-2,1278.0399999999995,1100,57,19.29824561403509,22.421754385964903,Summer,2
548,35-54,Middle Income,1-2,1801.4,807,48,16.8125,37.52916666666667,Fall,2
55,55+,Low Income,1-2,407.2899999999999,211,80,2.6375,5.091124999999999,Summer,2
553,35-54,Middle Income,1-2,3402.33,1695,150,11.3,22.682199999999998,Winter,1
56,55+,Middle Income,3-4,3184.8399999999992,1374,121,11.355371900826446,26.320991735537184,Spring,2
560,18-34,Low Income,1-2,2638.2599999999998,1123,132,8.507575757575758,19.98681818181818,Winter,2
567,18-34,Low Income,1-2,1621.6900000000005,836,166,5.036144578313253,9.769216867469883,Fall,2
569,35-54,High Income,3-4,2268.0300000000007,605,46,13.152173913043478,49.305000000000014,Spring,3
57,35-54,Low Income,1-2,1386.8800000000003,622,95,6.5473684210526315,14.598736842105266,Fall,2
574,35-54,Middle Income,3-4,3551.4799999999996,1699,66,25.742424242424242,53.810303030303025,Summer,3
575,35-54,Middle Income,1-2,5106.970000000001,3011,177,17.01129943502825,28.852937853107353,Winter,1
576,55+,Low Income,1-2,1421.8999999999999,662,65,10.184615384615384,21.875384615384615,Winter,2
578,18-34,Middle Income,1-2,1347.8900000000003,508,72,7.055555555555555,18.720694444444447,Summer,2
58,18-34,High Income,3-4,3074.65,1256,112,11.214285714285714,27.452232142857145,Summer,2
582,35-54,High Income,3-4,1428.3100000000004,393,61,6.442622950819672,23.414918032786893,Spring,2
583,35-54,Low Income,1-2,1431.4600000000003,666,103,6.466019417475728,13.897669902912623,Fall,2
586,18-34,Low Income,3-4,2543.7900000000004,1245,101,12.326732673267326,25.1860396039604,Winter,2
588,35-54,Middle Income,5+,3479.4499999999985,1729,120,14.408333333333333,28.995416666666653,Spring,2
593,35-54,Low Income,1-2,413.77,281,47,5.9787234042553195,8.803617021276596,Summer,2
595,18-34,Low Income,3-4,1121.7500000000005,596,89,6.696629213483146,12.603932584269668,Spring,2
596,35-54,Low Income,3-4,1017.91,389,54,7.203703703703703,18.850185185185186,Spring,2
597,18-34,Low Income,1-2,1610.7000000000003,809,45,17.977777777777778,35.79333333333334,Fall,2
598,35-54,Low Income,1-2,1569.1600000000005,696,104,6.6923076923076925,15.088076923076928,Summer,2
601,35-54,Middle Income,3-4,2173.2399999999993,1022,37,27.62162162162162,58.7362162162162,Summer,3
605,18-34,Middle Income,3-4,3116.2799999999997,1471,63,23.349206349206348,49.4647619047619,Winter,3
606,35-54,Low Income,1-2,1512.4000000000005,719,53,13.566037735849056,28.535849056603784,Spring,2
607,35-54,High Income,1-2,609.92,417,33,12.636363636363637,18.48242424242424,Winter,2
608,18-34,Low Income,5+,2566.37,1116,125,8.928,20.53096,Summer,2
609,35-54,Middle Income,1-2,990.97,604,96,6.291666666666667,10.322604166666666,Summer,2
614,35-54,Low Income,3-4,1280.6900000000003,805,84,9.583333333333334,15.246309523809527,Spring,2
621,35-54,Low Income,1-2,1228.6100000000001,596,84,7.095238095238095,14.626309523809525,Fall,2
622,35-54,Low Income,1-2,1429.9499999999991,519,101,5.138613861386139,14.1579207920792,Summer,2
623,35-54,Low Income,3-4,1248.0500000000002,639,66,9.681818181818182,18.90984848484849,Spring,2
624,35-54,Middle Income,1-2,2126.91,1470,59,24.915254237288135,36.0493220338983,Fall,3
630,35-54,Low Income,3-4,2050.649999999999,1165,73,15.95890410958904,28.091095890410948,Summer,2
631,55+,Middle Income,3-4,2793.6599999999994,1477,218,6.775229357798165,12.814954128440364,Summer,1
644,55+,Middle Income,1-2,1494.6500000000005,779,94,8.287234042553191,15.900531914893623,Spring,2
647,35-54,Middle Income,3-4,2263.68,947,58,16.32758620689655,39.028965517241375,Fall,3
660,55+,Middle Income,1-2,3298.4099999999994,1294,94,13.76595744680851,35.089468085106375,Spring,2
67,35-54,Low Income,5+,3446.0099999999984,1681,108,15.564814814814815,31.907499999999985,Fall,2
670,55+,Low Income,3-4,2040.5799999999995,898,95,9.452631578947368,21.479789473684203,Summer,2
671,35-54,Low Income,1-2,1806.7399999999998,688,52,13.23076923076923,34.745,Summer,2
672,35-54,Low Income,1-2,698.29,467,48,9.729166666666666,14.547708333333333,Spring,2
675,35-54,Middle Income,1-2,1933.4199999999996,818,114,7.175438596491228,16.959824561403504,Summer,2
680,35-54,Middle Income,1-2,1552.27,1085,55,19.727272727272727,28.22309090909091,Summer,2
682,55+,High Income,1-2,1307.3700000000001,690,87,7.931034482758621,15.027241379310347,Summer,2
685,35-54,Low Income,1-2,2640.5699999999997,1265,141,8.97163120567376,18.727446808510635,Summer,2
688,35-54,High Income,3-4,1600.2400000000002,566,20,28.3,80.01200000000001,Spring,3
690,55+,Low Income,1-2,2035.2400000000002,753,138,5.456521739130435,14.748115942028987,Winter,2
692,55+,Low Income,1-2,1679.8899999999996,617,64,9.640625,26.248281249999994,Spring,2
693,35-54,Low Income,1-2,2473.149999999999,1101,125,8.808,19.785199999999993,Summer,2
695,35-54,Low Income,3-4,3900.949999999997,1914,117,16.358974358974358,33.34145299145297,Summer,1
696,35-54,Middle Income,1-2,6493.089999999998,2549,170,14.994117647058824,38.19464705882352,Winter,1
699,35-54,Middle Income,1-2,3633.45,1530,48,31.875,75.69687499999999,Spring,3
7,35-54,Middle Income,1-2,1504.5299999999997,784,32,24.5,47.01656249999999,Fall,3
706,35-54,Middle Income,1-2,1663.4700000000003,765,65,11.76923076923077,25.59184615384616,Spring,2
708,35-54,Middle Income,3-4,1154.2700000000002,455,37,12.297297297297296,31.196486486486492,Summer,2
71,35-54,Low Income,1-2,1049.5400000000002,344,43,8,24.40790697674419,Spring,2
712,55+,Middle Income,1-2,4230.619999999999,1580,121,13.057851239669422,34.963801652892556,Spring,1
714,55+,Low Income,3-4,1613.7399999999993,1118,157,7.1210191082802545,10.278598726114645,Summer,2
715,55+,Low Income,1-2,1270.9999999999998,1311,96,13.65625,13.23958333333333,Fall,2
716,35-54,Middle Income,5+,363.6900000000001,207,42,4.928571428571429,8.659285714285717,Spring,2
722,35-54,Middle Income,1-2,2919.1800000000003,1528,72,21.22222222222222,40.54416666666667,Fall,3
725,35-54,Low Income,1-2,2426.6800000000003,1719,72,23.875,33.70388888888889,Spring,3
731,35-54,Low Income,1-2,1548.32,685,122,5.614754098360656,12.691147540983605,Spring,2
732,55+,Middle Income,3-4,1749.87,1006,59,17.050847457627118,29.65881355932203,Winter,2
733,35-54,Middle Income,1-2,1498.91,1045,45,23.22222222222222,33.309111111111115,Fall,3
74,55+,Low Income,1-2,849.36,601,59,10.186440677966102,14.395932203389831,Spring,2
740,35-54,High Income,1-2,2556.0999999999995,1453,72,20.180555555555557,35.50138888888888,Spring,3
741,55+,Middle Income,3-4,1239.4800000000005,689,54,12.75925925925926,22.953333333333344,Spring,2
742,35-54,Low Income,3-4,1963.2399999999998,1379,164,8.408536585365853,11.970975609756096,Spring,2
748,35-54,Low Income,3-4,1047.23,654,45,14.533333333333333,23.27177777777778,Summer,2
752,35-54,Middle Income,1-2,840.37,385,38,10.131578947368421,22.115,Spring,2
753,35-54,Middle Income,3-4,912.17,490,25,19.6,36.486799999999995,Winter,2
755,35-54,Middle Income,1-2,952.8300000000002,420,52,8.076923076923077,18.32365384615385,Spring,2
761,18-34,High Income,5+,4142.859999999999,1782,99,18,41.84707070707069,Fall,3
764,35-54,Middle Income,5+,1372,678,64,10.59375,21.4375,Fall,2
766,35-54,High Income,1-2,3638.64,1519,75,20.253333333333334,48.5152,Spring,3
77,35-54,Middle Income,5+,1867.3700000000001,998,35,28.514285714285716,53.35342857142857,Spring,3
770,18-34,Middle Income,5+,1104.22,743,31,23.967741935483872,35.62,Winter,3
779,55+,High Income,3-4,1380.4000000000003,438,47,9.319148936170214,29.370212765957454,Fall,2
78,55+,Low Income,1-2,1536.0700000000006,1034,145,7.13103448275862,10.593586206896555,Fall,2
784,35-54,Middle Income,1-2,816.58,295,48,6.145833333333333,17.012083333333333,Fall,2
785,55+,Middle Income,1-2,565.05,223,42,5.309523809523809,13.453571428571427,Fall,2
786,18-34,Middle Income,1-2,3131.2599999999993,986,84,11.738095238095237,37.27690476190475,Winter,2
787,18-34,Low Income,1-2,1421.4200000000003,511,113,4.522123893805309,12.578938053097348,Fall,2
788,18-34,Low Income,1-2,2818.8299999999986,1859,132,14.083333333333334,21.354772727272717,Spring,2
790,35-54,Middle Income,1-2,2100.51,735,44,16.704545454545453,47.73886363636364,Fall,3
797,18-34,Middle Income,1-2,1597,451,58,7.775862068965517,27.53448275862069,Fall,2
8,18-34,Low Income,3-4,2460.5499999999997,1093,63,17.349206349206348,39.0563492063492,Fall,3
80,35-54,Middle Income,1-2,1233,829,55,15.072727272727272,22.418181818181818,Spring,2
800,18-34,Low Income,1-2,4523.2300000000005,2210,225,9.822222222222223,20.103244444444446,Fall,1
802,55+,Low Income,1-2,657.6399999999999,237,29,8.172413793103448,22.677241379310342,Fall,2
803,18-34,Middle Income,1-2,767.4000000000002,330,39,8.461538461538462,19.67692307692308,Summer,2
806,35-54,Middle Income,1-2,2694.369999999999,1254,74,16.945945945945947,36.41040540540539,Winter,3
808,35-54,Middle Income,3-4,930.46,460,94,4.8936170212765955,9.898510638297873,Fall,2
816,18-34,Middle Income,1-2,1350.8600000000001,570,46,12.391304347826088,29.366521739130437,Fall,2
817,35-54,High Income,3-4,2346.3100000000004,1101,94,11.712765957446809,24.960744680851068,Winter,2
823,35-54,Middle Income,3-4,1079.2099999999998,398,56,7.107142857142857,19.27160714285714,Winter,2
825,35-54,High Income,1-2,2939.6999999999994,1307,75,17.426666666666666,39.19599999999999,Spring,3
831,35-54,Middle Income,3-4,4214.39,1452,95,15.284210526315789,44.362,Summer,3
840,35-54,Middle Income,5+,4842.27,1591,132,12.053030303030303,36.68386363636364,Fall,1
844,35-54,High Income,1-2,2035.1500000000003,695,72,9.652777777777779,28.265972222222228,Fall,2
845,18-34,Middle Income,1-2,2332.3399999999992,900,64,14.0625,36.44281249999999,Summer,2
85,18-34,Low Income,1-2,1484.0699999999995,815,100,8.15,14.840699999999995,Spring,2
852,18-34,Low Income,3-4,874.7199999999999,336,54,6.222222222222222,16.198518518518515,Winter,2
856,55+,Low Income,1-2,1960.0800000000002,1124,94,11.957446808510639,20.851914893617025,Spring,2
857,55+,Low Income,3-4,2184.6400000000003,1001,26,38.5,84.0246153846154,Summer,3
859,18-34,Middle Income,1-2,2630.6799999999994,1258,74,17,35.54972972972972,Spring,3
86,55+,Low Income,1-2,2061.0299999999997,734,24,30.583333333333332,85.87624999999998,Winter,3
863,35-54,Low Income,1-2,991.2500000000002,508,90,5.644444444444445,11.013888888888891,Summer,2
864,35-54,Low Income,1-2,2923.2600000000007,1526,64,23.84375,45.67593750000001,Fall,3
865,35-54,Middle Income,5+,511.5000000000001,240,16,15,31.968750000000007,Fall,2
866,35-54,Low Income,1-2,1885.2599999999998,1173,72,16.291666666666668,26.184166666666663,Fall,2
867,35-54,Middle Income,1-2,1973.4199999999996,962,61,15.770491803278688,32.351147540983604,Winter,2
868,55+,Low Income,1-2,3085.6000000000004,1036,74,14,41.697297297297304,Spring,3
871,35-54,High Income,3-4,3898.0099999999993,1249,68,18.36764705882353,57.323676470588225,Fall,3
875,18-34,Low Income,3-4,655.08,430,39,11.025641025641026,16.79692307692308,Summer,2
878,18-34,Low Income,3-4,2204.4200000000005,1406,92,15.282608695652174,23.961086956521743,Summer,2
879,35-54,Middle Income,1-2,975.6199999999999,433,64,6.765625,15.244062499999998,Fall,2
882,35-54,Middle Income,1-2,1123.4500000000003,611,107,5.710280373831775,10.499532710280377,Fall,2
883,35-54,Low Income,1-2,3372.35,1073,152,7.059210526315789,22.186513157894737,Fall,1
886,35-54,Middle Income,1-2,1446.9200000000003,598,83,7.204819277108434,17.432771084337354,Summer,2
888,18-34,High Income,3-4,4487.979999999999,2019,49,41.204081632653065,91.59142857142854,Winter,3
889,18-34,Middle Income,3-4,4813.109999999999,2321,76,30.539473684210527,63.33039473684209,Spring,3
895,35-54,High Income,1-2,3400.8199999999993,1112,90,12.355555555555556,37.78688888888888,Summer,2
898,55+,High Income,1-2,2556.3399999999992,1056,141,7.48936170212766,18.13007092198581,Fall,2
903,35-54,Low Income,1-2,1353.15,373,41,9.097560975609756,33.00365853658537,Spring,2
906,55+,Low Income,1-2,2216.1700000000005,1686,160,10.5375,13.851062500000003,Spring,2
908,35-54,Middle Income,3-4,1919.6100000000006,892,92,9.695652173913043,20.86532608695653,Summer,2
911,18-34,High Income,1-2,1572.8199999999997,762,45,16.933333333333334,34.95155555555555,Fall,2
914,35-54,Low Income,1-2,851.4300000000002,328,35,9.371428571428572,24.326571428571434,Winter,2
915,35-54,Low Income,1-2,460.28999999999985,305,76,4.0131578947368425,6.0564473684210505,Summer,2
920,35-54,Low Income,5+,2916.1100000000006,1509,130,11.607692307692307,22.431615384615387,Summer,2
922,35-54,Low Income,1-2,1010.9600000000002,339,69,4.913043478260869,14.651594202898552,Fall,2
926,35-54,Low Income,1-2,1820.8800000000003,975,111,8.783783783783784,16.404324324324328,Spring,2
929,35-54,Low Income,1-2,2299.1499999999996,1799,120,14.991666666666667,19.15958333333333,Fall,2
932,18-34,Low Income,1-2,2291.83,1053,71,14.830985915492958,32.279295774647885,Winter,2
934,35-54,Low Income,1-2,4422.52,2840,137,20.72992700729927,32.28116788321168,Summer,1
939,35-54,Middle Income,1-2,2322.07,2001,85,23.541176470588237,27.318470588235297,Summer,3
941,18-34,High Income,1-2,911.5900000000004,333,63,5.285714285714286,14.469682539682546,Summer,2
946,18-34,Low Income,1-2,1027.18,641,75,8.546666666666667,13.695733333333335,Fall,2
947,55+,Low Income,1-2,809.34,548,94,5.829787234042553,8.610000000000001,Winter,2
949,18-34,Middle Income,1-2,1851.0200000000004,1004,54,18.59259259259259,34.278148148148155,Winter,2
955,18-34,Low Income,1-2,1869.32,1266,137,9.24087591240876,13.644671532846715,Fall,2
960,35-54,High Income,5+,1075.71,339,45,7.533333333333333,23.904666666666667,Spring,2
968,35-54,Low Income,1-2,3495.200000000001,2081,70,29.728571428571428,49.93142857142859,Winter,3
97,35-54,Middle Income,1-2,1703.5700000000002,968,81,11.950617283950617,21.03172839506173,Summer,2
971,18-34,Low Income,3-4,1821.68,873,80,10.9125,22.771,Fall,2
973,35-54,Middle Income,3-4,7059.460000000003,2955,43,68.72093023255815,164.1734883720931,Fall,3
976,18-34,High Income,5+,2993.81,1188,47,25.27659574468085,63.698085106382976,Fall,3
979,35-54,Low Income,1-2,5244.569999999998,2411,93,25.9247311827957,56.39322580645159,Fall,3
98,35-54,Low Income,1-2,1534.0600000000002,1154,125,9.232,12.272480000000002,Fall,2
981,35-54,Low Income,1-2,561.25,229,17,13.470588235294118,33.01470588235294,Fall,2
982,35-54,Low Income,3-4,5876.839999999999,2964,139,21.323741007194243,42.27942446043165,Spring,1
983,35-54,Low Income,3-4,1652.6299999999994,843,106,7.952830188679245,15.590849056603767,Winter,2
986,18-34,Low Income,1-2,667.3499999999999,365,44,8.295454545454545,15.167045454545452,Winter,2
992,35-54,Low Income,3-4,344.1200000000001,121,57,2.1228070175438596,6.037192982456142,Fall,2
993,55+,Middle Income,5+,1582.4700000000003,816,77,10.597402597402597,20.551558441558445,Winter,2
996,55+,Low Income,1-2,775.0300000000002,384,69,5.565217391304348,11.232318840579714,Fall,2
997,35-54,Middle Income,1-2,2108.54,929,44,21.113636363636363,47.92136363636364,Spring,3
